image_stem,gt_count,pred_count,missed_count,complete_miss,gt_classes,pred_classes,missed_classes
hole_3,5,0,5,1,"{""hole"": 5}",{},"{""hole"": 5}"
corrosion_196,3,2,3,0,"{""corrosion"": 3}","{""corrosion"": 2}","{""corrosion"": 3}"
hole_57,9,9,3,0,"{""corrosion"": 3, ""hole"": 6}","{""corrosion"": 3, ""hole"": 6}","{""corrosion"": 2, ""hole"": 1}"
corrosion_197,2,0,2,1,"{""corrosion"": 2}",{},"{""corrosion"": 2}"
corrosion_176,3,2,2,0,"{""corrosion"": 3}","{""corrosion"": 1, ""hole"": 1}","{""corrosion"": 2}"
crack_235,3,1,2,0,"{""corrosion"": 2, ""crack"": 1}","{""crack"": 1}","{""corrosion"": 2}"
crack_262,2,1,2,0,"{""crack"": 2}","{""crack"": 1}","{""crack"": 2}"
crack_4,2,1,2,0,"{""crack"": 1, ""hole"": 1}","{""crack"": 1}","{""crack"": 1, ""hole"": 1}"
spalling_22,3,1,2,0,"{""hole"": 2, ""spalling"": 1}","{""spalling"": 1}","{""hole"": 2}"
corrosion_166,1,0,1,1,"{""corrosion"": 1}",{},"{""corrosion"": 1}"
crack_1296,1,0,1,1,"{""crack"": 1}",{},"{""crack"": 1}"
crack_352,1,0,1,1,"{""crack"": 1}",{},"{""crack"": 1}"
crack_68,1,0,1,1,"{""crack"": 1}",{},"{""crack"": 1}"
corrosion_160,2,1,1,0,"{""corrosion"": 2}","{""corrosion"": 1}","{""corrosion"": 1}"
corrosion_218,2,2,1,0,"{""corrosion"": 2}","{""corrosion"": 2}","{""corrosion"": 1}"
corrosion_237,1,1,1,0,"{""corrosion"": 1}","{""corrosion"": 1}","{""corrosion"": 1}"
corrosion_238,2,2,1,0,"{""corrosion"": 2}","{""corrosion"": 2}","{""corrosion"": 1}"
corrosion_66,1,2,1,0,"{""corrosion"": 1}","{""corrosion"": 2}","{""corrosion"": 1}"
crack_36,3,2,1,0,"{""crack"": 2, ""hole"": 1}","{""crack"": 2}","{""hole"": 1}"
crack_397,2,2,1,0,"{""crack"": 2}","{""crack"": 2}","{""crack"": 1}"
crack_411,2,1,1,0,"{""crack"": 2}","{""crack"": 1}","{""crack"": 1}"
crack_456,1,2,1,0,"{""crack"": 1}","{""crack"": 2}","{""crack"": 1}"
crack_512,1,1,1,0,"{""crack"": 1}","{""crack"": 1}","{""crack"": 1}"
crack_533,2,3,1,0,"{""crack"": 2}","{""crack"": 3}","{""crack"": 1}"
crack_75,3,2,1,0,"{""crack"": 2, ""hole"": 1}","{""crack"": 2}","{""hole"": 1}"
hole_843,2,1,1,0,"{""hole"": 2}","{""hole"": 1}","{""hole"": 1}"
hole_927,3,2,1,0,"{""corrosion"": 2, ""hole"": 1}","{""corrosion"": 1, ""hole"": 1}","{""corrosion"": 1}"
spalling_648,2,1,1,0,"{""hole"": 1, ""spalling"": 1}","{""spalling"": 1}","{""hole"": 1}"
spalling_974,2,1,1,0,"{""hole"": 1, ""spalling"": 1}","{""spalling"": 1}","{""hole"": 1}"
