source_image,source_label,target_image,target_label
C:\Users\yys\Desktop\风机\wind-fault-detection-platform\hard_cases\missed_samples\corrosion_160.jpg,C:\Users\yys\Desktop\风机\wind-fault-detection-platform\datasets\wind_blade_defect\labels\test\corrosion_160.txt,C:\Users\yys\Desktop\风机\wind-fault-detection-platform\datasets\wind_blade_defect_hardcase_v02\images\train\hardcase_missed_corrosion_160.jpg,C:\Users\yys\Desktop\风机\wind-fault-detection-platform\datasets\wind_blade_defect_hardcase_v02\labels\train\hardcase_missed_corrosion_160.txt
C:\Users\yys\Desktop\风机\wind-fault-detection-platform\hard_cases\missed_samples\corrosion_166.jpg,C:\Users\yys\Desktop\风机\wind-fault-detection-platform\datasets\wind_blade_defect\labels\test\corrosion_166.txt,C:\Users\yys\Desktop\风机\wind-fault-detection-platform\datasets\wind_blade_defect_hardcase_v02\images\train\hardcase_missed_corrosion_166.jpg,C:\Users\yys\Desktop\风机\wind-fault-detection-platform\datasets\wind_blade_defect_hardcase_v02\labels\train\hardcase_missed_corrosion_166.txt
C:\Users\yys\Desktop\风机\wind-fault-detection-platform\hard_cases\missed_samples\corrosion_176.jpg,C:\Users\yys\Desktop\风机\wind-fault-detection-platform\datasets\wind_blade_defect\labels\test\corrosion_176.txt,C:\Users\yys\Desktop\风机\wind-fault-detection-platform\datasets\wind_blade_defect_hardcase_v02\images\train\hardcase_missed_corrosion_176.jpg,C:\Users\yys\Desktop\风机\wind-fault-detection-platform\datasets\wind_blade_defect_hardcase_v02\labels\train\hardcase_missed_corrosion_176.txt
C:\Users\yys\Desktop\风机\wind-fault-detection-platform\hard_cases\missed_samples\corrosion_196.jpg,C:\Users\yys\Desktop\风机\wind-fault-detection-platform\datasets\wind_blade_defect\labels\test\corrosion_196.txt,C:\Users\yys\Desktop\风机\wind-fault-detection-platform\datasets\wind_blade_defect_hardcase_v02\images\train\hardcase_missed_corrosion_196.jpg,C:\Users\yys\Desktop\风机\wind-fault-detection-platform\datasets\wind_blade_defect_hardcase_v02\labels\train\hardcase_missed_corrosion_196.txt
C:\Users\yys\Desktop\风机\wind-fault-detection-platform\hard_cases\missed_samples\corrosion_197.jpg,C:\Users\yys\Desktop\风机\wind-fault-detection-platform\datasets\wind_blade_defect\labels\test\corrosion_197.txt,C:\Users\yys\Desktop\风机\wind-fault-detection-platform\datasets\wind_blade_defect_hardcase_v02\images\train\hardcase_missed_corrosion_197.jpg,C:\Users\yys\Desktop\风机\wind-fault-detection-platform\datasets\wind_blade_defect_hardcase_v02\labels\train\hardcase_missed_corrosion_197.txt
C:\Users\yys\Desktop\风机\wind-fault-detection-platform\hard_cases\missed_samples\corrosion_218.jpg,C:\Users\yys\Desktop\风机\wind-fault-detection-platform\datasets\wind_blade_defect\labels\test\corrosion_218.txt,C:\Users\yys\Desktop\风机\wind-fault-detection-platform\datasets\wind_blade_defect_hardcase_v02\images\train\hardcase_missed_corrosion_218.jpg,C:\Users\yys\Desktop\风机\wind-fault-detection-platform\datasets\wind_blade_defect_hardcase_v02\labels\train\hardcase_missed_corrosion_218.txt
C:\Users\yys\Desktop\风机\wind-fault-detection-platform\hard_cases\missed_samples\corrosion_237.jpg,C:\Users\yys\Desktop\风机\wind-fault-detection-platform\datasets\wind_blade_defect\labels\test\corrosion_237.txt,C:\Users\yys\Desktop\风机\wind-fault-detection-platform\datasets\wind_blade_defect_hardcase_v02\images\train\hardcase_missed_corrosion_237.jpg,C:\Users\yys\Desktop\风机\wind-fault-detection-platform\datasets\wind_blade_defect_hardcase_v02\labels\train\hardcase_missed_corrosion_237.txt
C:\Users\yys\Desktop\风机\wind-fault-detection-platform\hard_cases\missed_samples\corrosion_238.jpg,C:\Users\yys\Desktop\风机\wind-fault-detection-platform\datasets\wind_blade_defect\labels\test\corrosion_238.txt,C:\Users\yys\Desktop\风机\wind-fault-detection-platform\datasets\wind_blade_defect_hardcase_v02\images\train\hardcase_missed_corrosion_238.jpg,C:\Users\yys\Desktop\风机\wind-fault-detection-platform\datasets\wind_blade_defect_hardcase_v02\labels\train\hardcase_missed_corrosion_238.txt
C:\Users\yys\Desktop\风机\wind-fault-detection-platform\hard_cases\missed_samples\corrosion_66.jpg,C:\Users\yys\Desktop\风机\wind-fault-detection-platform\datasets\wind_blade_defect\labels\test\corrosion_66.txt,C:\Users\yys\Desktop\风机\wind-fault-detection-platform\datasets\wind_blade_defect_hardcase_v02\images\train\hardcase_missed_corrosion_66.jpg,C:\Users\yys\Desktop\风机\wind-fault-detection-platform\datasets\wind_blade_defect_hardcase_v02\labels\train\hardcase_missed_corrosion_66.txt
C:\Users\yys\Desktop\风机\wind-fault-detection-platform\hard_cases\missed_samples\crack_1296.jpg,C:\Users\yys\Desktop\风机\wind-fault-detection-platform\datasets\wind_blade_defect\labels\test\crack_1296.txt,C:\Users\yys\Desktop\风机\wind-fault-detection-platform\datasets\wind_blade_defect_hardcase_v02\images\train\hardcase_missed_crack_1296.jpg,C:\Users\yys\Desktop\风机\wind-fault-detection-platform\datasets\wind_blade_defect_hardcase_v02\labels\train\hardcase_missed_crack_1296.txt
C:\Users\yys\Desktop\风机\wind-fault-detection-platform\hard_cases\missed_samples\crack_235.jpg,C:\Users\yys\Desktop\风机\wind-fault-detection-platform\datasets\wind_blade_defect\labels\test\crack_235.txt,C:\Users\yys\Desktop\风机\wind-fault-detection-platform\datasets\wind_blade_defect_hardcase_v02\images\train\hardcase_missed_crack_235.jpg,C:\Users\yys\Desktop\风机\wind-fault-detection-platform\datasets\wind_blade_defect_hardcase_v02\labels\train\hardcase_missed_crack_235.txt
C:\Users\yys\Desktop\风机\wind-fault-detection-platform\hard_cases\missed_samples\crack_262.jpg,C:\Users\yys\Desktop\风机\wind-fault-detection-platform\datasets\wind_blade_defect\labels\test\crack_262.txt,C:\Users\yys\Desktop\风机\wind-fault-detection-platform\datasets\wind_blade_defect_hardcase_v02\images\train\hardcase_missed_crack_262.jpg,C:\Users\yys\Desktop\风机\wind-fault-detection-platform\datasets\wind_blade_defect_hardcase_v02\labels\train\hardcase_missed_crack_262.txt
C:\Users\yys\Desktop\风机\wind-fault-detection-platform\hard_cases\missed_samples\crack_352.jpg,C:\Users\yys\Desktop\风机\wind-fault-detection-platform\datasets\wind_blade_defect\labels\test\crack_352.txt,C:\Users\yys\Desktop\风机\wind-fault-detection-platform\datasets\wind_blade_defect_hardcase_v02\images\train\hardcase_missed_crack_352.jpg,C:\Users\yys\Desktop\风机\wind-fault-detection-platform\datasets\wind_blade_defect_hardcase_v02\labels\train\hardcase_missed_crack_352.txt
C:\Users\yys\Desktop\风机\wind-fault-detection-platform\hard_cases\missed_samples\crack_36.jpg,C:\Users\yys\Desktop\风机\wind-fault-detection-platform\datasets\wind_blade_defect\labels\test\crack_36.txt,C:\Users\yys\Desktop\风机\wind-fault-detection-platform\datasets\wind_blade_defect_hardcase_v02\images\train\hardcase_missed_crack_36.jpg,C:\Users\yys\Desktop\风机\wind-fault-detection-platform\datasets\wind_blade_defect_hardcase_v02\labels\train\hardcase_missed_crack_36.txt
C:\Users\yys\Desktop\风机\wind-fault-detection-platform\hard_cases\missed_samples\crack_397.jpg,C:\Users\yys\Desktop\风机\wind-fault-detection-platform\datasets\wind_blade_defect\labels\test\crack_397.txt,C:\Users\yys\Desktop\风机\wind-fault-detection-platform\datasets\wind_blade_defect_hardcase_v02\images\train\hardcase_missed_crack_397.jpg,C:\Users\yys\Desktop\风机\wind-fault-detection-platform\datasets\wind_blade_defect_hardcase_v02\labels\train\hardcase_missed_crack_397.txt
C:\Users\yys\Desktop\风机\wind-fault-detection-platform\hard_cases\missed_samples\crack_4.jpg,C:\Users\yys\Desktop\风机\wind-fault-detection-platform\datasets\wind_blade_defect\labels\test\crack_4.txt,C:\Users\yys\Desktop\风机\wind-fault-detection-platform\datasets\wind_blade_defect_hardcase_v02\images\train\hardcase_missed_crack_4.jpg,C:\Users\yys\Desktop\风机\wind-fault-detection-platform\datasets\wind_blade_defect_hardcase_v02\labels\train\hardcase_missed_crack_4.txt
C:\Users\yys\Desktop\风机\wind-fault-detection-platform\hard_cases\missed_samples\crack_411.jpg,C:\Users\yys\Desktop\风机\wind-fault-detection-platform\datasets\wind_blade_defect\labels\test\crack_411.txt,C:\Users\yys\Desktop\风机\wind-fault-detection-platform\datasets\wind_blade_defect_hardcase_v02\images\train\hardcase_missed_crack_411.jpg,C:\Users\yys\Desktop\风机\wind-fault-detection-platform\datasets\wind_blade_defect_hardcase_v02\labels\train\hardcase_missed_crack_411.txt
C:\Users\yys\Desktop\风机\wind-fault-detection-platform\hard_cases\missed_samples\crack_456.jpg,C:\Users\yys\Desktop\风机\wind-fault-detection-platform\datasets\wind_blade_defect\labels\test\crack_456.txt,C:\Users\yys\Desktop\风机\wind-fault-detection-platform\datasets\wind_blade_defect_hardcase_v02\images\train\hardcase_missed_crack_456.jpg,C:\Users\yys\Desktop\风机\wind-fault-detection-platform\datasets\wind_blade_defect_hardcase_v02\labels\train\hardcase_missed_crack_456.txt
C:\Users\yys\Desktop\风机\wind-fault-detection-platform\hard_cases\missed_samples\crack_512.jpg,C:\Users\yys\Desktop\风机\wind-fault-detection-platform\datasets\wind_blade_defect\labels\test\crack_512.txt,C:\Users\yys\Desktop\风机\wind-fault-detection-platform\datasets\wind_blade_defect_hardcase_v02\images\train\hardcase_missed_crack_512.jpg,C:\Users\yys\Desktop\风机\wind-fault-detection-platform\datasets\wind_blade_defect_hardcase_v02\labels\train\hardcase_missed_crack_512.txt
C:\Users\yys\Desktop\风机\wind-fault-detection-platform\hard_cases\missed_samples\crack_533.jpg,C:\Users\yys\Desktop\风机\wind-fault-detection-platform\datasets\wind_blade_defect\labels\test\crack_533.txt,C:\Users\yys\Desktop\风机\wind-fault-detection-platform\datasets\wind_blade_defect_hardcase_v02\images\train\hardcase_missed_crack_533.jpg,C:\Users\yys\Desktop\风机\wind-fault-detection-platform\datasets\wind_blade_defect_hardcase_v02\labels\train\hardcase_missed_crack_533.txt
C:\Users\yys\Desktop\风机\wind-fault-detection-platform\hard_cases\missed_samples\crack_68.jpg,C:\Users\yys\Desktop\风机\wind-fault-detection-platform\datasets\wind_blade_defect\labels\test\crack_68.txt,C:\Users\yys\Desktop\风机\wind-fault-detection-platform\datasets\wind_blade_defect_hardcase_v02\images\train\hardcase_missed_crack_68.jpg,C:\Users\yys\Desktop\风机\wind-fault-detection-platform\datasets\wind_blade_defect_hardcase_v02\labels\train\hardcase_missed_crack_68.txt
C:\Users\yys\Desktop\风机\wind-fault-detection-platform\hard_cases\missed_samples\crack_75.jpg,C:\Users\yys\Desktop\风机\wind-fault-detection-platform\datasets\wind_blade_defect\labels\test\crack_75.txt,C:\Users\yys\Desktop\风机\wind-fault-detection-platform\datasets\wind_blade_defect_hardcase_v02\images\train\hardcase_missed_crack_75.jpg,C:\Users\yys\Desktop\风机\wind-fault-detection-platform\datasets\wind_blade_defect_hardcase_v02\labels\train\hardcase_missed_crack_75.txt
C:\Users\yys\Desktop\风机\wind-fault-detection-platform\hard_cases\missed_samples\hole_3.jpg,C:\Users\yys\Desktop\风机\wind-fault-detection-platform\datasets\wind_blade_defect\labels\test\hole_3.txt,C:\Users\yys\Desktop\风机\wind-fault-detection-platform\datasets\wind_blade_defect_hardcase_v02\images\train\hardcase_missed_hole_3.jpg,C:\Users\yys\Desktop\风机\wind-fault-detection-platform\datasets\wind_blade_defect_hardcase_v02\labels\train\hardcase_missed_hole_3.txt
C:\Users\yys\Desktop\风机\wind-fault-detection-platform\hard_cases\missed_samples\hole_57.jpg,C:\Users\yys\Desktop\风机\wind-fault-detection-platform\datasets\wind_blade_defect\labels\test\hole_57.txt,C:\Users\yys\Desktop\风机\wind-fault-detection-platform\datasets\wind_blade_defect_hardcase_v02\images\train\hardcase_missed_hole_57.jpg,C:\Users\yys\Desktop\风机\wind-fault-detection-platform\datasets\wind_blade_defect_hardcase_v02\labels\train\hardcase_missed_hole_57.txt
C:\Users\yys\Desktop\风机\wind-fault-detection-platform\hard_cases\missed_samples\hole_843.jpg,C:\Users\yys\Desktop\风机\wind-fault-detection-platform\datasets\wind_blade_defect\labels\test\hole_843.txt,C:\Users\yys\Desktop\风机\wind-fault-detection-platform\datasets\wind_blade_defect_hardcase_v02\images\train\hardcase_missed_hole_843.jpg,C:\Users\yys\Desktop\风机\wind-fault-detection-platform\datasets\wind_blade_defect_hardcase_v02\labels\train\hardcase_missed_hole_843.txt
C:\Users\yys\Desktop\风机\wind-fault-detection-platform\hard_cases\missed_samples\hole_927.jpg,C:\Users\yys\Desktop\风机\wind-fault-detection-platform\datasets\wind_blade_defect\labels\test\hole_927.txt,C:\Users\yys\Desktop\风机\wind-fault-detection-platform\datasets\wind_blade_defect_hardcase_v02\images\train\hardcase_missed_hole_927.jpg,C:\Users\yys\Desktop\风机\wind-fault-detection-platform\datasets\wind_blade_defect_hardcase_v02\labels\train\hardcase_missed_hole_927.txt
C:\Users\yys\Desktop\风机\wind-fault-detection-platform\hard_cases\missed_samples\spalling_22.jpg,C:\Users\yys\Desktop\风机\wind-fault-detection-platform\datasets\wind_blade_defect\labels\test\spalling_22.txt,C:\Users\yys\Desktop\风机\wind-fault-detection-platform\datasets\wind_blade_defect_hardcase_v02\images\train\hardcase_missed_spalling_22.jpg,C:\Users\yys\Desktop\风机\wind-fault-detection-platform\datasets\wind_blade_defect_hardcase_v02\labels\train\hardcase_missed_spalling_22.txt
C:\Users\yys\Desktop\风机\wind-fault-detection-platform\hard_cases\missed_samples\spalling_648.jpg,C:\Users\yys\Desktop\风机\wind-fault-detection-platform\datasets\wind_blade_defect\labels\test\spalling_648.txt,C:\Users\yys\Desktop\风机\wind-fault-detection-platform\datasets\wind_blade_defect_hardcase_v02\images\train\hardcase_missed_spalling_648.jpg,C:\Users\yys\Desktop\风机\wind-fault-detection-platform\datasets\wind_blade_defect_hardcase_v02\labels\train\hardcase_missed_spalling_648.txt
C:\Users\yys\Desktop\风机\wind-fault-detection-platform\hard_cases\missed_samples\spalling_974.jpg,C:\Users\yys\Desktop\风机\wind-fault-detection-platform\datasets\wind_blade_defect\labels\test\spalling_974.txt,C:\Users\yys\Desktop\风机\wind-fault-detection-platform\datasets\wind_blade_defect_hardcase_v02\images\train\hardcase_missed_spalling_974.jpg,C:\Users\yys\Desktop\风机\wind-fault-detection-platform\datasets\wind_blade_defect_hardcase_v02\labels\train\hardcase_missed_spalling_974.txt
